source_order	function	stock_status	stock_start	stock_end_exclusive	stock_bytes	stock_sha256	r4_lines	r4_body_sha256	ingress
1	hciCmdAlloc	linked	0x0052AE38	0x0052AE5E	38	f7bc389309640b09388c33292b0612425f4845c812752c8751b8d4c0f34f672d	80-94	3923be6caa07b2fb08112565c01dbf2a059ffc69489c06a291eb3f1b02d59329	direct_bl_scan
2	hciCmdSend	linked	0x0052AE5E	0x0052AEC6	104	dfd27258242a102f92edd8776d54202318ac20389694033a4c220de8c1cadd47	107-154	0b2466a3ad05b2c99b6c0769a7904c1c361ea16ce34dd9c03e9df837cde8792c	direct_bl_scan
3	hciCmdInit	linked	0x0052AEC6	0x0052AEE6	32	6442f0223eb1922b525b744adfd09e0471c5d936930f1c154f9e5ad0f806cc75	165-175	0ae810cfe160e0ab72cf64a8fe108ffaac53cca8b9f8d9dbcbdb20f7a35820e1	direct_bl_scan
4	hciCmdTimeout	linked	0x0052AEE6	0x0052AEF8	18	d1735eca6c0838f2c7d00bb8839fa5142aa1258a5a627e0ca689a55e65e72f32	186-198	7ea69f17a93c29e39fc461aaeb25f8da01d1f8c9192ab4d4f21493945415a450	direct_bl_scan
5	hciCmdRecvCmpl	linked	0x0052AEF8	0x0052AF10	24	a00e10594b5032c6013380af3530b2c856cca2d9c306376558d986b023f005b5	211-225	29203e86a96c3c8da33bc41492277bde5f3331ad593d1a2902ea51681d8f069f	direct_bl_scan
6	HciDisconnectCmd	linked	0x0052AF10	0x0052AF40	48	98bd0f79f9d9ccd3a5e1a7445ca58d712b3208169675d12acfe343acdb8ef568	234-246	f8e9718ffc6ab795346b42952f5937854a000bdefa19c51c88c8ef27e499591b	direct_bl_scan
7	HciLeAddDevWhiteListCmd	source_only			0		255-267	651873d953b9694a3ebd107d9be9239f49a4b86a1345fc36c571d12730afe0b2	no body caller or pointer
8	HciLeClearWhiteListCmd	source_only			0		278-286	f5644441138fbb968b83905fc7b1a11e3ce95ecb2ce01e39aabb68fe9c33c035	no body caller or pointer
9	HciLeConnUpdateCmd	linked	0x0052AF40	0x0052AFCC	140	be5cc08809793af268edad35713ab7ef5bab4170579d7466e13f4522fc0660f6	297-314	622907a5e7f2d4715a638f41478a65cd0ec1728b0a888dc117e1b9066e3b6060	direct_bl_scan
10	HciLeCreateConnCmd	linked	0x0052AFCC	0x0052B0A4	216	862b6355d92a5a1f38fe2a2138e929c710c07a6ec5db64fa539d656cf4b14464	325-349	87ff8b91469b7992011d7c1e5f4a0c764432e961e24beabe4554ed431fd87a75	direct_bl_scan
11	HciLeCreateConnCancelCmd	linked	0x0052B0A4	0x0052B0BE	26	4ea60e7d6b950894e76c597c0893996fa8ef68bae72b0cde056c811f9d2defac	360-368	28412250e575d9a369f5ffc4429b0cc97d4681bbea4488c1940308621e5bf295	direct_bl_scan
12	HciLeRemoteConnParamReqReply	linked	0x0052B0BE	0x0052B146	136	3e6e41774d4141c0520c903d2b98a9ae27fc5f4d032ed1657738425257b68fc9	379-397	616ac29c1e97d3d6a8432f9bc1e99c59c85e7b09288729ec35062fb8a50ab7a7	direct_bl_scan
13	HciLeRemoteConnParamReqNegReply	linked	0x0052B146	0x0052B176	48	167188dbc17e9aef140745455a32a40957ec2677a63753c03d42ef19772f817a	408-420	01606cd4eb6f00ffbb05914a4a4771ba9deec132aaccd780e995a1f9086f3287	direct_bl_scan
14	HciLeSetDataLen	linked	0x0052B176	0x0052B1BC	70	99396ebc93706d0d604f7d155c290083c55d6987980acf9cc19fe7d678058b85	431-444	06fabf8ace3d9995fff83d05a69297088ed05d6e224dc72b52d8e151c6b91c24	direct_bl_scan
15	HciLeReadDefDataLen	source_only			0		455-463	b2bf67328966cd160b481afaa1382617d69f34308b69fd03879b24c35ed2bf04	no body caller or pointer
16	HciLeWriteDefDataLen	linked	0x0052B1BC	0x0052B1F4	56	eb295daa8253b0618c64d4b40b29649190ef6875a9b3a9c0117bc74cbf3f6e35	474-486	beba8d415ec3e34c6390df4a010c641b8263904a1e4700e19b87152ea779d283	direct_bl_scan
17	HciLeReadLocalP256PubKey	linked	0x0052B1F4	0x0052B20E	26	52215aa236b94f0ae9ab06821b2bd55194b721785e4653d9c6c89951198df0da	497-505	5ee5e5e969a24246dee8cf76e7441db3b423b2fab3c7d10d2a8cd806937795d1	direct_bl_scan
18	HciLeGenerateDHKey	linked	0x0052B20E	0x0052B24C	62	d2fbb4e015d7cd86fea73b622b1ad94fb411538d98e2bc0a03292934c08cdb86	516-528	37712d25ea44e29bb46156684d2f75c260d9250f87766503e12161951ab4ab51	direct_bl_scan
19	HciLeReadMaxDataLen	linked	0x0052B24C	0x0052B266	26	9721dca3e9a47e6d59d5523bd6916008aa0068c3c00768c2da1da032fbc857dc	539-547	049dad1f4f47646caa7eba88d122c0c55ee02c7f941d2b3a051a0569276cae3f	direct_bl_scan
20	HciLeEncryptCmd	linked	0x0052B266	0x0052B2A4	62	781553d0d7c2121036d163dd2d210c41ae350fcdc70c9b679b1088838570e369	558-571	8430b96028dd9e0f3978e3f53dc882ecc695d7c7cf1c37e9b0079b4e57134fb1	direct_bl_scan
21	HciLeLtkReqNegReplCmd	linked	0x0052B2A4	0x0052B2CE	42	e67f66be205641bf68f4f6ec4b2041f8f85456298cfa7e26e045a3493640b3cb	582-593	9e63996f664a9890e538ab4fed71f49fdfe567141395b214c03ba7c96b41d96a	direct_bl_scan
22	HciLeLtkReqReplCmd	linked	0x0052B2CE	0x0052B304	54	437472191b978f154caffca5ba1ef11e48d3d6da448a301911659d250242bfa9	604-616	48b01848c68c160c92bede247a0f38962d212987317226d612d5a7187f7a8050	direct_bl_scan
23	HciLeRandCmd	linked	0x0052B304	0x0052B31E	26	55881133239559bad46cb2a2e5758d5992e9b2952d434c09633b1e97f10b59dd	627-635	5542a75505f23fd4b3b98c6a004afe4fe936fa83a912dcf31381b93ff577fb5c	direct_bl_scan
24	HciLeReadAdvTXPowerCmd	source_only			0		646-654	b78276ec96be1242526e0a4f5049b51300057b5538a574fba8fc04d3ad8fae66	no body caller or pointer
25	HciLeReadBufSizeCmd	linked	0x0052B31E	0x0052B338	26	5bf931965d301da3471062ade31f0c39501aca558dcadb7b58db05906e7512cd	665-673	16a26ade43165edd8d609fb77919740e5bcda33cba7d584e7a6300e3aaa0732f	direct_bl_scan
26	HciLeReadChanMapCmd	source_only			0		684-695	88430bd08f5d7beecbbe55ee9c0193bb17d520124a996587cd424900d05249f2	no body caller or pointer
27	HciLeReadLocalSupFeatCmd	linked	0x0052B338	0x0052B352	26	226b51115d301ce1dd0543fd65615ff6ad3284d268966f49faac091087cce1c7	706-714	5aeba0e1bb3eae08b2bef102d944cbb9f52f7c34ee364480df5481937af16e7c	direct_bl_scan
28	HciLeReadRemoteFeatCmd	linked	0x0052B352	0x0052B37C	42	300e15320722abffdd4ac5eb879567c8754a29c75e4506fcf0bee21b1d163524	725-736	0d536b453ab4cb0b7d237e06a13cfb006b1153f918397e22a54f9c23c6598724	direct_bl_scan
29	HciLeReadSupStatesCmd	linked	0x0052B37C	0x0052B396	26	f5157588cb8c13e2cce9404ff5ed7d6a6027954ae4ce6469f4050ad0ffce6dbd	747-755	5d7278aff12828416466eca49d01b3e07c1a17615a6d031ed220140b2bd929e8	direct_bl_scan
30	HciLeReadWhiteListSizeCmd	linked	0x0052B396	0x0052B3B0	26	f3cbb21a6e07b2b6166368bdc8e6bd122d95e3f638154852e67c38c7b513b2b2	766-774	c2a5f314aee5b24e98e3f851094c05c46838b3ee53ccda0ea443ec96b6997bb0	direct_bl_scan
31	HciLeRemoveDevWhiteListCmd	source_only			0		785-797	4033053e55c467d1a409c51e1e37cdaf3bb1603ac2f173dcc3b5518464d3fb63	no body caller or pointer
32	HciLeSetAdvEnableCmd	linked	0x0052B3B0	0x0052B3D2	34	dceea17b563988d5e0ed63af8a905d883b27766b7167f00c1509497023fbedd8	808-819	43701f8738a55611d53fee65fdcdc715d32e265c90b1b91b61fb21b22c88d871	direct_bl_scan
33	HciLeSetAdvDataCmd	linked	0x0052B3D2	0x0052B420	78	4edc4d48e3f963e6a83f79e608dfc9ad0ef680141b357aeb545269f11b179954	830-844	4e81049800c7ef8bfbb514059642bcd79243ca21174c62db4c6070b89ebf91ff	direct_bl_scan
34	HciLeSetAdvParamCmd	linked	0x0052B420	0x0052B492	114	542d45695351fb6c9bf6cce56c2b5abc7b3e3bfacaafc5f277eae157c75034ab	855-882	e8bd342ec0c80997ef6cd198f50425984efa81c62bfa04b5c4d4523bdbd9f53b	direct_bl_scan
35	HciLeSetEventMaskCmd	linked	0x0052B492	0x0052B4BA	40	0ab972fd963cacfe1edef2829c0eabe010435f78ae04665c4d4032541a502d2f	893-904	e2e5707d98400ae8c5ed7f2d5c168f09ca0c1aeee3690f5367163c16f1c20c7b	direct_bl_scan
36	HciLeSetHostChanClassCmd	source_only			0		915-926	17bd5e377698e116c7686701238957f5df5cd847f2f29c920ad9a0a4a9744d3c	no body caller or pointer
37	HciLeSetRandAddrCmd	linked	0x0052B4BA	0x0052B4E2	40	8e4401257fe26fc3fdbcc72ea6f615fc9b3f19c442941e9b29f00d41eae136a8	937-948	001c903a374bdecfa5063b0afdee66552668b005effe18193f25ac3bfbfe881c	direct_bl_scan
38	HciLeSetScanEnableCmd	linked	0x0052B4E2	0x0052B50A	40	a4b2d6b497ce06b6a9c15e2cafac66d59642c3f5f154986d01ecef9aa1b8e1f7	959-971	26e9cd6c340eb7ecdf67b36b3975229f7616bbca82e3f1d0754ce3bb02a0f8b7	direct_bl_scan
39	HciLeSetScanParamCmd	linked	0x0052B50A	0x0052B554	74	3b0cc3ef9900946df4253c88d30701c574fada1d4778125d29516feeb08d7267	982-998	fc51d0309d90c3b11f18fac0c5e0b0b4a56129a2c87bcb19cf1095f27a6b99b5	direct_bl_scan
40	HciLeSetScanRespDataCmd	linked	0x0052B554	0x0052B5A2	78	520b2ad93dc7a01c49ce05ef58e522e2bd731f2bd3e11bba399ddcbe1cae196a	1009-1023	e12da98f91477ddaf1b410ad84166ebe12d2d7fde76217fb66414dca3ef8c339	direct_bl_scan
41	HciLeStartEncryptionCmd	linked	0x0052B5A2	0x0052B606	100	31ecb3f3d8951489732814aabbe6b26280f64026c0be6661b3e55bf212065646	1034-1049	3904221e6773d33570346be3a1fe64d68eb35cd4d27c36f8aed28f4ce2bf411c	direct_bl_scan
42	HciReadBdAddrCmd	linked	0x0052B606	0x0052B620	26	ddda947ab5b495f65a2154467af1d7056f7da82808dde7f6f327789ecf743723	1060-1068	046cece7fb69a13a8676c45127072ba3a05cdb59c600c1a2ac70ac93dc5f4a33	direct_bl_scan
43	HciReadBufSizeCmd	linked	0x0052B620	0x0052B63A	26	01498c375b7df0659b1fcbe03480cd89030b6b4d6120f6dcdbe95f42953e51f0	1079-1087	1a4f90510515c85efa8765658c22234186c64a061d94b8027168819f135d2d90	direct_bl_scan
44	HciReadLocalSupFeatCmd	source_only			0		1098-1106	b9adac9f4eaf16cc7018f7ae6cc71163fa5826218e1c92590aea3a4766bff6b0	no body caller or pointer
45	HciReadLocalVerInfoCmd	source_only			0		1117-1125	d4609c38f8beba7cb8e84f0d31ceb446bf9f9e2d70e215e4ed84e15805c082cc	no body caller or pointer
46	HciReadRemoteVerInfoCmd	source_only			0		1136-1147	ded9ddbd12bb69ba43d9d264be0f1e8787ddd1e4236a3ef29f121ea6bad2c0f9	no body caller or pointer
47	HciReadRssiCmd	linked	0x0052B63A	0x0052B664	42	227e630d150ee4ee2ddc06a4aa324441063f5deb2d8503e8e28dea40023c82b2	1158-1169	b92affd3dd3a3d4a3f13daca5afd44f8eadabd1cb1de48af3730fd0f109e098e	direct_bl_scan
48	HciReadTxPwrLvlCmd	source_only			0		1180-1192	f0fc3ab41b14c996aed18cf9b9610dfca536429dee4ac604aa926c1d48cb26da	no body caller or pointer
49	hciClearCmdQueue	linked	0x0052B664	0x0052B682	30	bad5432cd6634e293fd5856b03c9a8512f2da3ae9d6baf39bb89b98aa37f874b	1203-1216	86b96e8bca356a886661455a28f1d4a388764a07f08edc62045f258a11633ed3	direct_bl_scan
50	HciResetCmd	linked	0x0052B682	0x0052B6AE	44	2a16b0502310a240e43cf3cfca4a9321fc4bf506a4cd087b53162cb4eade045e	1227-1256	58c3eed8830af57bbb38312a40fa74c043a8b04a05543eea7e3435f44bf13128	direct_bl_scan
51	HciSetEventMaskCmd	linked	0x0052B6BC	0x0052B6E4	40	3f444093022eef1cf55d26901a3165bf4a42441d386ac4be6b123ee580b51a2c	1254-1265	fcf3335d7bff3466088151bbd07d83fe616c5c91348f475f480b415d26de5e1f	direct_bl_scan
52	HciSetEventMaskPage2Cmd	linked	0x0052B6E4	0x0052B70C	40	c5f95c0a1b77f1e9af77ed733439b93e33221362eed243867569454a20da011f	1276-1287	af1eb77c1cec4b7d15886c145ded120ffc7fc710ffb367d29cabab355cec6e4f	direct_bl_scan
53	HciReadAuthPayloadTimeout	source_only			0		1300-1311	6756f96993c3eebfa6dc0eb2935fcfaff7bf8afa6088d948eebf505668c8a90a	no body caller or pointer
54	HciWriteAuthPayloadTimeout	linked	0x0052B70C	0x0052B744	56	b5d795d26a50e884a39cb22df103be572cf50a828402ac48d35de3ec3e20894c	1325-1337	d8c66e580e5138d4ce4cef163ce020636b44bd734838fa50b239bd4f211280dc	direct_bl_scan
55	HciLeAddDeviceToResolvingListCmd	linked	0x0052B744	0x0052B794	80	c67f36dde4851b188481aa1620b69ff92b9d04a5dc547364dd0e70bb372e36f4	1353-1369	6e38909fa80d1a3d7ae7f6a29d2c3c942c7a51f086274989e094acc1edbe1330	direct_bl_scan
56	HciLeRemoveDeviceFromResolvingList	linked	0x0052B794	0x0052B7C2	46	3dd9451a3dc29c6c8841436bbb5ada41d853a2b8c807a498d7adf091b476d91f	1383-1395	579eaa676c166888809787ee413182fdb8e81aed89c291bf9463cf92fe4c7a1f	direct_bl_scan
57	HciLeClearResolvingList	linked	0x0052B7C2	0x0052B7DC	26	fc500d5cd9c541dd114d37be901e98838ca9e0591ceb686c9460edacd4678ac3	1406-1414	b658b235da2b61fbc4c9654093e8682b72452a3b496b40c6c7875d8bf62d6a00	direct_bl_scan
58	HciLeReadResolvingListSize	linked	0x0052B7DC	0x0052B7F6	26	25fd72c433c9c01f27df8d1266c1d2af6a731dd286e24e98ae6e7d9e18a8e593	1425-1433	4b1a4736f20993fe4f48ea92bae41a1a936cb7daedbf219541c7feeb325ed058	direct_bl_scan
59	HciLeReadPeerResolvableAddr	source_only			0		1447-1459	2797f1d9c3005c612f5d16c802ee4908069f70431088ddb61ae97a0d8306827d	no body caller or pointer
60	HciLeReadLocalResolvableAddr	source_only			0		1473-1485	736695c53aceb2ee16953c0d97203bfbb701b16abd85fbd3f8863b34708869da	no body caller or pointer
61	HciLeSetAddrResolutionEnable	linked	0x0052B7F6	0x0052B818	34	86354ac2da40270afe83b8db998567bb80aec74a32d5c9c0004ecead57c5cd31	1499-1510	b9fc2e45dcbbb9f2bb06a0204a01e15d42ef9986cc1c7385b71739ecb92fa0e0	direct_bl_scan
62	HciLeSetResolvablePrivateAddrTimeout	source_only			0		1523-1534	3fd06e6a2e5dc1232b9ee23b7e50c01548a2590b6b531f7fd0632192b932cc2d	no body caller or pointer
63	HciLeSetPrivacyModeCmd	linked	0x0052B818	0x0052B84C	52	eab460e199af9c97d4b13cd76beed0ef0df6aa4c97ac5864a67411378d82568b	1549-1562	fdb9d88601227f259ba2ea5e23dd003bf010f06d94d4149241759dccf80bc830	direct_bl_scan
64	HciLeReceiverTestCmd	source_only			0		1576-1587	9a437d3decde114ecfcc8cced2aabc00e7d3bdf95fe3ea98af11dc056cfbe4b0	no body caller or pointer
65	HciLeTransmitterTestCmd	source_only			0		1603-1616	a5eb834c87d78e75ef42156b1c875307af08600189b14fba2e5a41cefc17a900	no body caller or pointer
66	HciLeTestEndCmd	source_only			0		1630-1638	a973e29f854b6e776210a3a6b6901fb2ae9afe63ec2b5102761f8d0166ccb647	no body caller or pointer
67	HciLeReceiverTestCmdV3	source_only			0		1651-1670	7d607d5d39cda514cf9bd4a5302717a7bb5f337f27ae76f90ee806a28ad153ba	no body caller or pointer
68	HciLeTransmitterTestCmdV3	source_only			0		1682-1701	93cfe150e1025366398febae8ab2e74de45e880609d15865bbcf9c7602294861	no body caller or pointer
69	HciVendorSpecificCmd	linked	0x0052B84C	0x0052B87A	46	9fc38d2a829c3289fe58acedc66dac99a2b2095182a46608fadfa2dd9e76bda9	1712-1723	1e8627a99d68237f52ae5eb1be612a0c89b159da3b627bd1a299d09da3828ee2	direct_bl_scan
70	HciLeRequestPeerScaCmd	linked	0x0052B87A	0x0052B8A4	42	e7752f4211d9d18c10633b00ba33452ca50b5601f199bd38731bce99065d96b3	1734-1745	0d1b411ebb8f04073148fb94af5d776ed144651f24c1420b6a2f6e1087fef255	direct_bl_scan
71	HciLeReadBufSizeCmdV2	source_only			0		1754-1762	bf447fb131234420ff50dbf31fdb059478e2ebcad289f64ce81e71fe04fd21d2	no body caller or pointer
72	HciLeSetHostFeatureCmd	source_only			0		1777-1789	1a6719b223361055c46eb1722f06a239807567b2dae278cfd8df4e6f613fcc7d	no body caller or pointer
