string_vaddr	referencing_functions
0x08000110	
0x08000c6f	
0x08000c7b	
0x08000c93	
0x08000c9c	
0x08000cb0	
0x08000cb8	
0x08000cc4	
0x08000ccc	
0x08000cf8	
0x08000d07	
0x08000d28	0x08000928
0x08000d4b	
0x08000d60	0x08000928
0x08000d7f	
0x08000db8	0x08000928
0x08000dd0	
0x08000dd8	0x08000928
0x08000df0	0x08000928
0x08000e0f	
0x08000fd2	
0x08001172	
0x0800118f	
0x080011d4	0x08000e1c
0x080011fc	0x08000e1c
0x08001204	0x08000e1c
0x0800120c	0x08000e1c
0x08001224	0x08000e1c
0x0800123c	0x08000e1c
0x08001254	0x08000e1c
0x08001270	0x08000e1c
0x0800128c	0x08000e1c
0x080012a0	0x08000e1c
0x080012b8	0x08000e1c
0x0800131b	
0x0800137b	
0x080013f3	
0x0800140a	
0x08001517	
0x0800153c	0x08001408
0x0800158b	
0x08001777	
0x080017a0	0x08001574
0x080017bc	0x08001574
0x080017db	
0x08001800	0x08001574
0x0800181c	0x08001574
0x08001838	0x08001574
0x0800184c	0x08001574
0x08001868	0x08001574
0x08001884	0x08001574
0x080018b0	0x08001574
0x08001992	
0x08001adb	
0x08001b0c	0x080018e4
0x08001b38	0x080018e4
0x08001b6c	0x080018e4
0x08001b98	0x080018e4
0x08001bd4	0x080018e4
0x08001bf8	0x080018e4
0x08001d13	
0x08001d40	0x08001c1c
0x08001e1f	
0x08001e5b	
0x08001e78	0x08001d68
0x08002186	
0x08002234	
0x0800225b	
0x0800227c	0x08001e94
0x080022bf	
0x080022eb	
0x08002320	0x08001e94
0x08002354	0x08001e94
0x08002378	0x08001e94
0x0800239c	0x08001e94
0x080023bc	0x08001e94
0x08002467	
0x08002494	0x080023f4
0x08002533	
0x08002560	0x080024c0
0x080026c7	
0x080026e0	0x0800258c
0x08002700	0x0800258c
0x08002720	0x0800258c
0x08002837	
0x08002860	0x08002744
0x08002b03	
0x08002c0f	
0x08002d1b	
0x08002dc7	
0x08002ebc	0x08002e04
0x08003347	
0x08003350	0x08002fc8
0x0800337f	
0x080033b4	0x08002fc8
0x080033cc	0x08002fc8
0x080033e8	0x08002fc8
0x08003400	0x08002fc8
0x08003437	
0x08003450	0x08002fc8
0x08003464	0x08002fc8
0x0800347f	
0x080034a0	0x08002fc8
0x080034d4	0x08002fc8
0x080034ec	0x08002fc8
0x08003520	0x08002fc8
0x0800353c	0x08002fc8
0x0800359f	
0x0800370c	0x08003664
0x08003724	0x08003664
0x08003818	0x0800373c
0x08003834	0x0800373c
0x08003963	
0x08003990	0x080038e0
0x080039b8	0x080038e0
0x08003b37	
0x08003b54	0x08003a84
0x08003b70	0x08003a84
0x08003c1b	
0x08003ceb	
0x08003d07	
0x08003e33	
0x08003e53	
0x08003e74	0x08003d24
0x080040f8	0x08004330
0x08004641	
0x080046d5	
0x080047e8	0x080047d4
0x08004a7d	
0x08004aa1	
0x08004b00	
0x08004b59	
0x08004c9b	
0x08004db7	
0x08004e2f	
0x08004e41	
0x08004e61	
0x08005207	
0x0800522b	
0x0800584b	
0x08005929	
0x080059a5	
0x08005a7e	
0x08005aa5	
0x08005bd3	
0x08005f1f	
0x08005f81	
0x08005f99	
0x08005fda	
0x0800631e	
0x08006354	
0x080063b8	
0x080067ff	
0x0800681f	
0x080068c5	
0x08006976	
0x08006a51	
0x08006a5f	
0x08006a6d	
0x08007106	
0x08007147	
0x08007160	
0x08007180	
0x08007194	
0x080071b4	
0x080071d4	
0x08007538	0x08007214
0x08007543	
0x080075ef	
0x0800761b	
0x0800763c	0x08007214
0x08007664	0x08007214
0x08007694	0x08007214
0x080076bc	0x08007214
0x080076ec	0x08007214
0x0800770c	0x08007214
0x08007730	0x08007214
0x08007740	0x08007214
0x08007750	0x08007214
0x08007760	0x08007214
0x08007797	
0x08007b50	0x08007214
0x08007b8b	
0x08007bb0	0x08007214
0x08007bf0	0x08007214
0x08007c2c	0x08007214
0x08007c50	0x08007214
0x08007c74	0x08007214
0x08007c98	0x08007214
0x08007cc0	0x08007214
0x08007ce8	0x08007214
0x08007d0c	0x08007214
0x08007d30	0x08007214
0x08007d5c	0x08007214
0x08007d88	0x08007214
0x08007db4	0x08007214
0x08007de0	0x08007214
0x08007eec	0x08007214
0x08007f8c	
0x08007ff4	
0x08008022	
0x080081a0	
0x080081cc	
0x080081f4	
0x0800822c	
0x08008253	
0x08008274	
0x080082b4	
0x080083bb	
0x080083f0	
0x08008647	
0x08008c27	
0x08008caa	
0x08008fcc	
0x0800901a	
0x080092ad	
0x08009610	0x08009210
0x08009624	0x08009210
0x08009699	
0x0800983b	
0x0800987c	0x08009684
0x080098b8	0x08009684
0x080098f8	0x08009684
0x08009930	0x08009684
0x08009958	0x08009684
0x0800998c	0x08009684
0x080099b8	0x08009684
0x08009a3e	
0x08009ae8	
0x08009b37	
0x08009c47	
0x08009c74	0x08009bc0
0x08009c9f	
0x08009d2f	
0x08009d50	0x08009cc8
0x08009dbb	
0x08009dcc	
0x08009ee0	
0x0800a639	
0x0800a6db	
0x0800a710	0x0800a598
0x0800a74c	0x0800a598
0x0800a760	0x0800a598
0x0800a774	0x0800a598
0x0800a788	0x0800a598
0x0800af0f	
0x0800b152	
0x0800b388	
0x0800b947	
0x0800b994	
0x0800b9a8	
0x0800b9b4	
0x0800b9e3	
0x0800ba04	
0x0800bb92	
0x0800bba6	
0x0800bd0f	
0x0800bd44	
0x0800bd74	
0x0800bda0	
0x0800bdcc	
0x0800bdf8	
0x0800be24	
0x0800be4c	
0x0800bf35	
0x0800bfe0	
0x0800c112	
0x0800c163	
0x0800c3cc	
0x0800c3da	
0x0800c4c1	
0x0800c505	
0x0800c627	
0x0800c86e	0x0800c83a
0x0800cd73	
0x0800cdbd	
0x0800cdcd	
0x0800ce44	
0x0800d0ff	
0x0800d12c	0x0800ce34
0x0800d1ac	0x0800d178
0x0800d203	
0x0800d237	
0x0800d408	0x08008fa8
0x0800d454	0x08009040
0x0800d4c0	0x080090ac
0x0800d538	0x08009108
0x0800d5a8	
0x0800d5f8	
0x0800d648	0x08001e94
0x0800d690	
0x0800d6d8	
0x0800d72c	0x08009684
0x0800d770	
0x0800d7b8	
0x0800d828	
0x0800d898	
0x0800d8a0	
0x0800d8b0	
0x0800d8c0	
0x0800d8cc	
0x0800d8dc	
0x0800d8f0	
0x0800d900	
0x0800d90c	
0x0800d91c	
0x0800d930	
0x0800d974	
