# G2 Apollo mixed-evidence boundary-role map; regenerated by tools/analyze_g2_boundary_envelopes.py
entry	body_start	body_end_exclusive	envelope_bytes	official_opaque_bytes	seam	boundary_role	confidence	inbound_seed_callers	outbound_call_edges	adaptation_flow
0x0044AAA8	0x0044AAA8	0x0044AAE0	56	56	cmsis-freertos|first-party	g2-rtos-service-glue	medium	easylogger=1	cmsis-freertos:0x004490CC|first-party:0x0044A19A	first-party service code calling CMSIS-FreeRTOS wrapper entries
0x0045383C	0x0045383C	0x004539B6	378	378	first-party|lvgl	g2-lvgl-ui-adapter	medium	lvgl=1	first-party:0x0048949C|lvgl:0x0048AD42	first-party UI code calling LVGL vendor-fork services
0x0046C984	0x0046C984	0x0046C9AA	38	38	first-party|lvgl	g2-lvgl-ui-adapter	medium	first-party=5	lvgl:0x0047381E|first-party:0x00474066	first-party UI code calling LVGL vendor-fork services
0x0046C9AA	0x0046C9AA	0x0046C9D0	38	38	first-party|lvgl	g2-lvgl-ui-adapter	medium	first-party=5	lvgl:0x0047381E|first-party:0x00474066	first-party UI code calling LVGL vendor-fork services
0x0046C9DC	0x0046C9DC	0x0046CA14	56	56	first-party|lvgl	g2-lvgl-ui-adapter	medium	first-party=4	lvgl:0x0047381E|first-party:0x00474066	first-party UI code calling LVGL vendor-fork services
0x004736F4	0x004736F4	0x00473782	142	0	first-party|lvgl	g2-lvgl-ui-adapter	low	-	lvgl:0x0047366C|lvgl:0x0047381E|lvgl:0x0047386A|first-party:0x00474066|lvgl:0x0048ABB8	first-party UI code calling LVGL vendor-fork services
0x0047DCB4	0x0047DCB4	0x0047DCE4	48	0	cmsis-freertos|first-party	g2-rtos-service-glue	low	-	cmsis-freertos:0x0044906C|first-party:0x0044A1EA	first-party service code calling CMSIS-FreeRTOS wrapper entries
0x004AAB90	0x004AAB90	0x004AAE20	656	656	first-party|lvgl	g2-lvgl-ui-adapter	low	-	lvgl:0x0043DE82|lvgl:0x0043DED4|lvgl:0x0043DFA4|lvgl:0x0043F506|lvgl:0x0043F568|lvgl:0x00498680|lvgl:0x0049942E|first-party:0x004A856C|lvgl:0x0050EA28	first-party UI code calling LVGL vendor-fork services
0x004AB08C	0x004AB08C	0x004AB6B6	1578	1578	first-party|lvgl	g2-lvgl-ui-adapter	low	-	lvgl:0x0043DE82|lvgl:0x0043DED4|lvgl:0x0043DFA4|lvgl:0x0043F09A|lvgl:0x0043F0E0|lvgl:0x0043F142|lvgl:0x0043F4C0|lvgl:0x0043F506|lvgl:0x0043F568|lvgl:0x0043F6D6|lvgl:0x0044E368|lvgl:0x00498680|lvgl:0x0049942E|first-party:0x004A856C|first-party:0x004A9D70|first-party:0x00509F7A|first-party:0x0050A47E|first-party:0x0050DCBC|first-party:0x0050FEF8|first-party:0x0050FF0E	first-party UI code calling LVGL vendor-fork services
0x004B42F0	0x004B42F0	0x004B43F8	264	264	cordio|first-party	g2-cordio-application-callback	medium	ambiqsuite=1	first-party:0x0046EFEC|cordio:0x004B3166|cordio:0x004B31EA|cordio:0x004B3292	AmbiqSuite/Cordio-invoked application code calling Cordio and first-party services
0x004CD3AA	0x004CD3AA	0x004CD550	422	422	first-party|littlefs	g2-littlefs-volume-glue	low	-	first-party:0x0048949C|littlefs:0x004CF570	first-party storage code calling littlefs volume primitives
0x004CE614	0x004CE614	0x004CE904	752	752	first-party|littlefs	g2-littlefs-volume-glue	low	-	first-party:0x0048949C|littlefs:0x004CF570	first-party storage code calling littlefs volume primitives
0x00503C32	0x00503C32	0x00503D14	226	226	ambiqsuite|cordio	ambiq-cordio-port-shim	medium	first-party=1	cordio:0x004B3026|ambiqsuite:0x004B48A6	Cordio host calling AmbiqSuite port services and vice versa
0x0052E4B4	0x0052E4B4	0x0052E5CE	282	282	first-party|nanopb	g2-nanopb-schema-glue	low	-	first-party:0x0048949C|nanopb:0x004910F4|nanopb:0x00491102	first-party message code calling nanopb runtime primitives
0x00532124	0x00532124	0x0053216E	74	74	ambiqsuite|cordio	ambiq-cordio-port-shim	low	-	cordio:0x004B71DC|ambiqsuite:0x005304D4	Cordio host calling AmbiqSuite port services and vice versa
0x005363AE	0x005363AE	0x005363E4	54	54	ambiqsuite|cordio	ambiq-cordio-port-shim	low	-	cordio:0x004BF9DE|ambiqsuite:0x0052B266|cordio:0x0056D8C4	Cordio host calling AmbiqSuite port services and vice versa
0x00536426	0x00536426	0x00536470	74	74	ambiqsuite|cordio	ambiq-cordio-port-shim	medium	cordio=3	cordio:0x004BF99E|cordio:0x004BF9DE|ambiqsuite:0x0052B266	Cordio host calling AmbiqSuite port services and vice versa
0x0053673E	0x0053673E	0x00536774	54	54	ambiqsuite|cordio	ambiq-cordio-port-shim	medium	cordio=1	cordio:0x004BF99E|cordio:0x004BF9DE|ambiqsuite:0x0052B1F4	Cordio host calling AmbiqSuite port services and vice versa
0x00536774	0x00536774	0x005367CA	86	86	ambiqsuite|cordio	ambiq-cordio-port-shim	medium	cordio=1	cordio:0x004BF99E|cordio:0x004BF9DE|ambiqsuite:0x0052B20E|cordio:0x0056D8C4	Cordio host calling AmbiqSuite port services and vice versa
0x0053D0B6	0x0053D0B6	0x0053D25A	420	420	first-party|lvgl	g2-lvgl-ui-adapter	low	-	first-party:0x0048949C|lvgl:0x004B092A|lvgl:0x004B0C8A	first-party UI code calling LVGL vendor-fork services
0x0055BB3A	0x0055BB3A	0x0055BB68	46	46	ambiqsuite|cordio	ambiq-cordio-port-shim	low	-	cordio:0x004D2B3E|ambiqsuite:0x0052B8C8|ambiqsuite:0x0052B8D0	Cordio host calling AmbiqSuite port services and vice versa
0x0055E7FA	0x0055E7FA	0x0055E898	158	0	first-party|nanopb	g2-nanopb-schema-glue	low	-	first-party:0x0048949C|nanopb:0x00491102	first-party message code calling nanopb runtime primitives
0x00581DE0	0x00581DE0	0x00581E6A	138	138	first-party|nanopb	g2-nanopb-schema-glue	low	-	first-party:0x00464F76|nanopb:0x004905F4|nanopb:0x00490C32	first-party message code calling nanopb runtime primitives
0x0058237A	0x0058237A	0x005823F6	124	124	first-party|nanopb	g2-nanopb-schema-glue	low	-	first-party:0x00464F76|nanopb:0x004905F4|nanopb:0x00490C32	first-party message code calling nanopb runtime primitives
0x00582960	0x00582960	0x005829E0	128	128	first-party|nanopb	g2-nanopb-schema-glue	low	-	first-party:0x00464F76|nanopb:0x004905F4|nanopb:0x00490C32	first-party message code calling nanopb runtime primitives
0x00584C98	0x00584C98	0x00584DB6	286	286	cmsis-freertos|nanopb	g2-nanopb-rtos-glue	medium	first-party=1	cmsis-freertos:0x004490CC|cmsis-freertos:0x004497B6|cmsis-freertos:0x0044981C|cmsis-freertos:0x0044994E|nanopb:0x00491102	RTOS-wrapper-adjacent glue calling nanopb runtime primitives
0x005B873C	0x005B873C	0x005B87B8	124	124	first-party|lvgl	g2-lvgl-ui-adapter	low	-	lvgl:0x0049942E|first-party:0x004FFC32|first-party:0x004FFC90|first-party:0x005B7A4C	first-party UI code calling LVGL vendor-fork services
0x005EA6DA	0x005EA6DA	0x005EA768	142	142	first-party|lvgl	g2-lvgl-ui-adapter	low	-	lvgl:0x0043F4C0|first-party:0x00597324	first-party UI code calling LVGL vendor-fork services
0x005EA768	0x005EA768	0x005EA7DC	116	116	first-party|lvgl	g2-lvgl-ui-adapter	low	-	lvgl:0x0043DED4|lvgl:0x0043DFA4|lvgl:0x0043F09A|lvgl:0x0043F4C0|first-party:0x0059737C	first-party UI code calling LVGL vendor-fork services
0x005EA810	0x005EA810	0x005EA868	88	88	first-party|lvgl	g2-lvgl-ui-adapter	low	-	lvgl:0x0043DED4|first-party:0x00597324	first-party UI code calling LVGL vendor-fork services
0x005EA992	0x005EA992	0x005EA9F6	100	100	first-party|lvgl	g2-lvgl-ui-adapter	low	-	lvgl:0x0043FDDA|first-party:0x00597324	first-party UI code calling LVGL vendor-fork services
0x005EB8DA	0x005EB8DA	0x005EBB96	700	700	first-party|lvgl	g2-lvgl-ui-adapter	low	-	lvgl:0x0043DE82|lvgl:0x0043DED4|lvgl:0x0043DFA4|lvgl:0x0043F4C0|lvgl:0x0043F506|lvgl:0x0044E368|lvgl:0x00498680|lvgl:0x0049942E|lvgl:0x00499678|first-party:0x0059731E|first-party:0x005973DC|first-party:0x005E4F54|first-party:0x005E5484	first-party UI code calling LVGL vendor-fork services
0x005EBBC6	0x005EBBC6	0x005EBC2A	100	100	first-party|lvgl	g2-lvgl-ui-adapter	medium	first-party=1	lvgl:0x0044D7B8|lvgl:0x0044DCA2|first-party:0x005973DC|first-party:0x005E5484	first-party UI code calling LVGL vendor-fork services
0x005EBD0E	0x005EBD0E	0x005EBFAE	672	672	first-party|lvgl	g2-lvgl-ui-adapter	low	-	lvgl:0x0043DE82|lvgl:0x0043DED4|lvgl:0x0043DFA4|lvgl:0x0043F4C0|lvgl:0x0044E368|lvgl:0x0049942E|lvgl:0x00499678|first-party:0x005973DC|first-party:0x005E482A|first-party:0x005E4F54|first-party:0x005E5484	first-party UI code calling LVGL vendor-fork services
0x005EC268	0x005EC268	0x005EC2DE	118	118	first-party|lvgl	g2-lvgl-ui-adapter	medium	first-party=1	lvgl:0x0044D7B8|lvgl:0x0044DCA2|first-party:0x005973DC|first-party:0x005E5484	first-party UI code calling LVGL vendor-fork services
0x005EC770	0x005EC770	0x005EC7CE	94	94	first-party|lvgl	g2-lvgl-ui-adapter	medium	first-party=1	lvgl:0x0044D7B8|lvgl:0x0044DCA2|first-party:0x005973DC|first-party:0x005E5484	first-party UI code calling LVGL vendor-fork services
0x005ECE4C	0x005ECE4C	0x005ECEB2	102	102	first-party|lvgl	g2-lvgl-ui-adapter	low	-	lvgl:0x0043DFA4|lvgl:0x0049942E|first-party:0x005E47FE	first-party UI code calling LVGL vendor-fork services
0x005ECEF6	0x005ECEF6	0x005ED0B4	446	446	first-party|lvgl	g2-lvgl-ui-adapter	medium	first-party=1	lvgl:0x0043DE82|lvgl:0x0043DED4|lvgl:0x0043DFA4|lvgl:0x0043F09A|lvgl:0x0043F4C0|lvgl:0x0044E368|first-party:0x0059732A	first-party UI code calling LVGL vendor-fork services
