stock_start	stock_end_exclusive	stock_sha256	source_path_anchor
0x005E47CC	0x005E47FE	b3c87d81e7f108f1ca53dd05c83836f2d9dd9a4bb7cc7609bf6f3fc2cb96ddef	no
0x005E47FE	0x005E482A	d61b05528c12c8a2cc2fb9d1da54c6f0a33d5fb18f3688f48f1161c1e7b82772	no
0x005E482A	0x005E4878	cc212d6e5917684632ad7594c3e60e81a9d243f6ff6aef2f056b074e108a934d	no
0x005E4878	0x005E4894	d89f142d63e7a9ae48b42eeff9ef91d8b1517e372bea6ecdd5a8d01142c77bb4	no
0x005E4894	0x005E48B8	a99f515a5d374e52b3faf3b47c44f4bd00c8fa0bc6ba21922a59ba25f63206c2	no
0x005E48B8	0x005E4902	eb689407471b7f6dd49c5fa1b2b3f82b577a90a2824e80f0987ca104544f8b0b	no
0x005E4902	0x005E4920	20b9c6a4b80f74d8473848f2e76c32d655345092115ab733515e13f57b5f0322	no
0x005E4920	0x005E49B0	cf8d41c3d8a20a1baf3ff3af07f4451a3f86e6246b30476b5d85d64c455f02c2	yes
0x005E49B0	0x005E4A6E	25dc1bc26eb8bd0cc7e6f2b8fcd07c7d067d9cd2386446c05088491a4379b1e0	no
0x005E4A6E	0x005E4B64	08b1139f22f910892177556d47f01b7b321cd4c03dff3aafedc52deb96f3f9ef	yes
0x005E4B68	0x005E4BDE	073ed8f76ebd70f7f2a66a1a7be816e71aea26444538d5456da848aa021676cf	no
0x005E4BDE	0x005E4BFE	2968fc3582864d20ee250177fa0dbacb4952605c7e0f4506f40f67799076370e	no
0x005E4BFE	0x005E4C2C	82917b0ac9e42dd76ee9d1f96c479cd31ba0439d7f249e58af520b245b5e33e5	no
0x005E4C2C	0x005E4C56	46e697f3ced545ccab97f3b599b685ee648aea7485888cb7ab326b6dfee21b6f	no
0x005E4C56	0x005E4C84	d6e5457964c56f03f43e87e0f9489fd3c7c6aacbe97f0dc25dc6a0a19f0ba467	no
0x005E4C84	0x005E4CB6	31dfa28557e5ebf28cf4ba802979bb12e48fa0eb24f63f83adade2b504546f00	no
0x005E4CB6	0x005E4CD4	0caec23c4572644bae12fab997f7d2ea9806f164bc3e74d14021152dd19b3e59	no
0x005E4CD4	0x005E4CD8	952beac4ed6fe10a2de94037d8295a333b4a796f6ce6ed3a09b86d74e60004ca	no
0x005E4CD8	0x005E4CDE	8bcb8ba8e4ed9343a738ca0bca74f11f770dd3fafd4e6b9041a4d807b73a3cbd	no
0x005E4CDE	0x005E4CE6	fed66a514127d705f6c38b0d40634c1f8168dbf7afc9b621e7d8f72ca7ca6317	no
0x005E4CE6	0x005E4CEC	d0a3017f7289c53d7493fedde1116f47632d14258ae1f5b14c6576d2dc2df275	no
0x005E4CEC	0x005E4D00	c2a2d38ac52971f039cbbfbd2b4a15568c5535794aad14f13532976f9a631ece	no
0x005E4D00	0x005E4D04	dd0175750064b59435d9763a100d21415aa1e2b8e5dca9a2ebc58f37ab3c9ed5	no
0x005E4D04	0x005E4D0A	8bcb8ba8e4ed9343a738ca0bca74f11f770dd3fafd4e6b9041a4d807b73a3cbd	no
0x005E4D0A	0x005E4D10	405f43de3b4830b9ca78809ab83ee0b91cf7a12afc4977fd91291ca7835856a5	no
0x005E4D10	0x005E4D7C	942cf208b9c26833ccedea6a595e35c63026ca399ddffea9e028178f00c4b087	no
0x005E4D7C	0x005E4DD8	90029faaa9ca9eb8ae592cef6eeab901001bbd66232fa6d50201afd4ce21c929	no
0x005E4DD8	0x005E4E06	70b2d3ee15218ee39e16b039fba58493ccab49b4657538baea942902f440960b	no
0x005E4E06	0x005E4E0A	952beac4ed6fe10a2de94037d8295a333b4a796f6ce6ed3a09b86d74e60004ca	no
0x005E4E0A	0x005E4E10	8bcb8ba8e4ed9343a738ca0bca74f11f770dd3fafd4e6b9041a4d807b73a3cbd	no
0x005E4E10	0x005E4E2E	99d560afa234b5ef193f96f5b297e3d15eff57bca52f3f2edd97f1663a94e106	no
0x005E4E2E	0x005E4E32	dd0175750064b59435d9763a100d21415aa1e2b8e5dca9a2ebc58f37ab3c9ed5	no
0x005E4E32	0x005E4EEC	2556444a91af92ef78b2d05f67b0ec9e7f339a546e2c315e779f79e4eefd8c52	no
0x005E4EEC	0x005E4F02	4468d2a4e50d0198189253967005d5ebf5d62a659b721f5db772f8a92950ff7d	no
0x005E4F02	0x005E4F10	8bdb9f803ade07c87864e27111eb9b785e53b77447f92b7d4dffbdb656caee39	no
0x005E4F10	0x005E4F14	952beac4ed6fe10a2de94037d8295a333b4a796f6ce6ed3a09b86d74e60004ca	no
0x005E4F14	0x005E4F1A	8bcb8ba8e4ed9343a738ca0bca74f11f770dd3fafd4e6b9041a4d807b73a3cbd	no
0x005E4F1A	0x005E4F54	84e35a462224718c2a44159e13081b9b9ce9d6d7e9e1f2425989908a00d3bea0	no
0x005E4F54	0x005E505A	f2aa15fa3ce492929003c6e5997261a69f6f152eb1f5409869885a4b908eff83	no
0x005E505A	0x005E50EA	1765062e12a6a9ec156996c4788bff8b32d79f4c01f0d134864908b7d2256487	no
0x005E50EA	0x005E5166	0fdc649d37b3b4e9eaf9fe1855fab9b843b1014284ccf06aeac73a2b6ba40506	no
0x005E5166	0x005E51B0	3aafc7614e6fee8c1423ad0e83f207c0298dec240bf5f4ea87f328bc4780f4dd	no
0x005E51B0	0x005E51BA	0832208bf9d224859cea407b2f5173b16e2a07a9b5e91e860a54ee48de0a2a42	no
0x005E51BA	0x005E522E	7f902b7d2968f86b21090ff3bd6810af3c3fc697983ce391cba5949c2f37f6cd	no
0x005E522E	0x005E5290	76880dff4b17779bf223ee38682941ea58546a0452b5e1a804c317acf61a2622	no
0x005E5290	0x005E52C2	6ccfc5fbd754388dbd205250f271e51d1c3b9bb268be92340b334c2df0b8225e	no
0x005E52C2	0x005E5320	e1979651909a4efeaf2028d86b1a14d5794ea1e06aac2fa53d96c272a8d047e1	no
0x005E5320	0x005E5386	dcf40736672970811a070e5eafb15fbdf290e7077da28ec1d64e339df5df1550	no
0x005E5386	0x005E53B2	e5e6f39a0a4db71b346b94a4c2160e3625f51872ce5f46fe17fc3fe980cc9864	no
0x005E53B8	0x005E541A	e137f4503ef7aa54e003cd25ccbfbd810239982dd755153968d8571ea1a7ab24	no
0x005E5420	0x005E5442	fe80cc2527e5b64133cee35d46b09dcc86370d8e2af3fb938b5d91c62ca19c2f	no
0x005E5442	0x005E5470	7cf8ebf4f24fef50b1adeb9dffbd87029c28873bad00ff6a59ca5bc491055cfe	no
0x005E5484	0x005E5490	040dd779a754dc8b16170f597cafcdcb5393c5b8c06e019983e0b96444f28840	no
0x005E5490	0x005E5498	d1fec3787a861c92707e8d4882f3feedaf70ccaa9de0fadef5ac39ed43d0f3c6	no
0x005E5498	0x005E54A2	f0e2e2e439e4e7fe7c186a3ce9148bfb51ee6feab15e72e062ccb1e82c0d0a48	no
0x005E54A2	0x005E5550	3fb3a7b44fedb3117f1db3ef74a9ba3cd512e49c5310eb86f0ca438b8705b3c0	no
0x005E5580	0x005E5768	544b33d9bca91431176c52382360613cc0fbdfbb13ec43d18fba328102aa52dc	no
0x005E576C	0x005E57C6	548acb4d252feb4ae927e458c4b1965f1c0ad25332da6b96766e02f18899b902	no
0x005E57C6	0x005E583C	4247fa2b762ecfb325046547090d118d54234f78694064dfe184047cb47a108b	no
0x005E583C	0x005E58BA	da7398a1dfa76f9a3a46565aadd6b2d0158319806504a1554747caf99613b44a	no
0x005E58BA	0x005E598A	8a545590a9f134c7395905439a2263788e9d619752f39373cf17d96942fb748b	no
0x005E598A	0x005E5A7E	7ee083bb468809d4dc861e2228b871240746522d7aed3f26a8d9bbd0164fee0a	no
0x005E5A7E	0x005E5A94	cf872a8fd21f5777ae27f90fbe572fcfb3361de1501e7985f52affcacc954c2b	no
0x005E5A94	0x005E5AAE	c9fbb80f51bf0870cab73a10f56db58b30dc1871d2afebe478dc312be67561af	no
0x005E5AAE	0x005E5BC6	3821c52be18c0dc9bc69cc896467b90cb969a9c29ddd1dc8cc00d9a30a290380	no
0x005E5BC6	0x005E5CA2	2bd8d6eacc8eac9c2f2e075844cff1f43fd0808c609209e8c4ae5305b37c26f7	no
0x005E5CB0	0x005E5DD8	d8621068ccef5b49d868c9bdc557ff2c88cbebaa36d593ddc98800983af76a09	no
0x005E5DE0	0x005E5ECA	a86de32e1dbe08eb5b45bf46cfa0a78575c56bc92bdb6a23ecd67913302110a7	no
0x005E5ED4	0x005E5FF0	cdbd96bd8af4cfdbf963bbe79ba436ae74d359c0cc16b2c55baf46aa8924840a	no
0x005E6018	0x005E6254	665d355392c4683b68db4108937261688293eb9f981899203e48dbda8968fa9c	no
0x005E6268	0x005E638E	32d7568b1540e204897a71c7d1005f691cbb6e7375cd19e9a2f6b134572838f0	no
0x005E63B4	0x005E6400	8096bead34a8776b2f7489a4f0d51166e383795c9697594bc0dde42db2fa53c4	no
0x005E6400	0x005E6410	4ad0e8b81b98531456e25ec197601e91f65b176a9013f00218267f655e32fa68	no
0x005E6410	0x005E641C	4365a5a1272f4a652353b4579d644fd1b63566e60dca27a92e505ea5a84866f9	no
0x005E641C	0x005E6532	2bd457e7eb7cae45c865fc1bb52e697793fe1342fcf5415f502c51f57d114f62	no
0x005E6548	0x005E65F8	c7e4601fef2ea377e3e8f6d13a2239b2f9784148f5e9f9678fcf16c8bd0be45d	no
0x005E65F8	0x005E660E	0ab394a4d699a5a3417814f51cfc0379ccae78e80c0d0eab8e962881c4393c26	no
0x005E6620	0x005E66BC	a6cc537bc64c5ff01bf17d33331cf55d877b460a4da0c09fb8258fc185412590	no
0x005E66D8	0x005E68B0	66c4cecda86f8a63cf929990c94265e9b1ade72e7ac6663ee72703e56ae31d3e	no
0x005E68B4	0x005E68D2	eb6e92962ef0a8cc4fb0aa3d3aa5cc41eb5812616129749192fa96ef7d2bf1a9	no
0x005E68DC	0x005E6984	bb3481673b048658321e044c3b1f4a6139cf0342440a427e970d324c7cdc2358	no
0x005E69A0	0x005E6B0A	8f3846b13d8db933785f7798ebc8a1abc73622e013c3b6d49349113f911116df	no
0x005E6B18	0x005E6B86	7217c7c9373a1a7b41e0500cfd1b8cf3b06da52f3c10ac1438767cdec2b84359	no
0x005E6BA0	0x005E6CB2	68591add932f7e2df8209862d611314a302b4eb02e65a547fafd5e0498d7d1cb	no
0x005E6CB8	0x005E6D4A	8f4d21ac8ac18e2a82e698f515b5f1ea19678b1f0d19ab446e5f8a6c1411797a	no
0x005E6D58	0x005E6DC6	e1874c70a1c3dd79c43e157d8f031d105c1c054f39b6cb24cbfc18e6fe09f0db	no
0x005E6DD0	0x005E6E28	28d69e3ffc582db0f1b9fbaf023fd8659f1f15d4e83498217848df631bfe1337	no
0x005E6E30	0x005E6E88	e1119716c8f0d25e09b907a295836d49874fc277adbabec1f4b8b010a070e969	no
0x005E6E88	0x005E6F4E	e06cd810cad9ab5e3c340c7a7073facacf705bdc46141348027f179284713725	no
0x005E6F60	0x005E7022	f39e67810c173f136a700594384b4bf222808cd3791cafe65e524183d9c66e2d	no
0x005E7022	0x005E7052	6811bf45036b108a3ea97f3a003dbd9205f0f4cf4c9eb5a4d1edb0c37b8ca1be	no
0x005E7068	0x005E716C	4516a3bcccf3fc4dc2ce045000a9e52a5c2151f9c3f776bc95c9e8a4a87e6ae7	no
0x005E716C	0x005E7200	a3ed60898f6fbc3f9dc46f53a87abe0c3bce6d3c4949ad113bcb8df13c84da4c	no
0x005E720C	0x005E7242	e55f7855ce4f12992c949b22c4a4a92b081ce0c7134025d395e0105fc75f186d	no
0x005E72F4	0x005E7324	7875369e358d1b46dc61c22600456dc32b43bb40a0bd6feb8b7310ed91f19497	no
0x005E7324	0x005E7B10	5c519e85979a0f08ddee59315243e63180662a1562abfd6b5689259fa52b2297	no
0x005E7B10	0x005E7B2A	7db6a45e7a3f1277c3d7d67749eabcf154a7a6ecace156fdec59094e130ef657	no
0x005E7B2A	0x005E7B40	3c4fd60a9d4927f205cf44ac2819f4b3e12cd899c10c5f63cd05b0c463294ec9	no
0x005E7B74	0x005E7E0C	32b5ec23c1a9d8762e3759bac83d485e237e8f9f56952efd716024014b9267b7	no
