unit	class	path	bytes	sha256
wsf_os	ambiqsuite_2.5.1_archive	AmbiqSuite-R2.5.1/third_party/cordio/wsf/sources/port/freertos/wsf_os.c	11665	892a7ae0283ba9274f80e48e6a2507cf49d3075fad7c3298656afc98a1a56e4a
wsf_os	stock_abi_shim	shim/string.h	155	566a8d1ac979fcc7934b21d6afcbf024a9e8118d9a27ace81f726228ce158fd3
wsf_os	compiler_builtin	/usr/lib/gcc/arm-none-eabi/13.2.1/include/stddef.h		9efc696d6c7eb8bb1831b149c6a92f88a775809cd63e4007312b617915f81188
wsf_os	ambiqsuite_2.5.1_archive	AmbiqSuite-R2.5.1/third_party/cordio/wsf/sources/port/freertos/wsf_types.h	2118	69c8b5382a397284b9c9ac686e2345503a396f1c5eb305064720feb83bed91b1
wsf_os	compiler_builtin	/usr/lib/gcc/arm-none-eabi/13.2.1/include/stdint.h		0a2e42d37b032271a0f6328a35bdb6fc694411a7627decaf857ba75ae7e00589
wsf_os	ambiqsuite_2.5.1_archive	AmbiqSuite-R2.5.1/third_party/cordio/wsf/include/wsf_os.h	7073	8ea50e3b084ea103ed505e5dd328c89d751df4958f45f447fd083e1bea8d20c9
wsf_os	ambiqsuite_2.5.1_archive	AmbiqSuite-R2.5.1/third_party/cordio/wsf/sources/port/freertos/wsf_os_int.h	4118	24d06d04a64f5d1b3f7efa0a1be74ce5bae24e1cfb695cb2c865ec03caa0b3a4
wsf_os	ambiqsuite_2.5.1_archive	AmbiqSuite-R2.5.1/third_party/cordio/wsf/include/wsf_queue.h	5730	3657f2e5bc8c9e9c77ba766ddb5b9488947464fc8077eee0d89cd3f08d6025cd
wsf_os	ambiqsuite_2.5.1_archive	AmbiqSuite-R2.5.1/third_party/cordio/wsf/sources/port/freertos/wsf_assert.h	2862	d3518013f48697e0033a5d8488cb7ec5a7cb75e6961f129f66a0d562802dcbe4
wsf_os	ambiqsuite_2.5.1_archive	AmbiqSuite-R2.5.1/third_party/cordio/wsf/sources/port/freertos/wsf_trace.h	15307	41d28cd39d4e0fda71ba031ed766321c4df1d90888cb40c1f7d62cad1198d50f
wsf_os	ambiqsuite_2.5.1_archive	AmbiqSuite-R2.5.1/third_party/cordio/wsf/include/wsf_timer.h	6237	ae23e7b3bc17243d30aa300c58c73cb15ef1da070d90418b69cfb5da6862322b
wsf_os	ambiqsuite_2.5.1_archive	AmbiqSuite-R2.5.1/third_party/cordio/wsf/include/wsf_buf.h	6995	e6940c2c2369b162465d622a9f7b3e1cc1b92edb5cb75bf1caba014ea838158c
wsf_os	ambiqsuite_2.5.1_archive	AmbiqSuite-R2.5.1/third_party/cordio/wsf/include/wsf_msg.h	4930	56709406fefde3b7b01fb5146ac2c73b111c18debedab523c1ea74f2d3afa5d7
wsf_os	ambiqsuite_2.5.1_archive	AmbiqSuite-R2.5.1/third_party/cordio/wsf/sources/port/freertos/wsf_cs.h	2847	8837e8880b96b40f78fabc59bd65f7d892f576b13af5b14f32a12a13d4e0e10f
wsf_os	stock_abi_shim	shim/FreeRTOS.h	886	1538066a5503f7b95deee26087f571b9d59d47a5a6c56c8642db7a66f722e7a5
wsf_os	stock_abi_shim	shim/event_groups.h	574	128367c306d26f723cdc91ae9df8b47b8b9fcda1bb834aa7aecc3f2a1b41efa1
wsf_queue	ambiqsuite_2.5.1_archive	AmbiqSuite-R2.5.1/third_party/cordio/wsf/sources/port/freertos/wsf_queue.c	8650	7dd109b4509d31c3222827b73f7ed5587e46a2c9d2de54ed8f30c599d418cf86
wsf_queue	ambiqsuite_2.5.1_archive	AmbiqSuite-R2.5.1/third_party/cordio/wsf/sources/port/freertos/wsf_types.h	2118	69c8b5382a397284b9c9ac686e2345503a396f1c5eb305064720feb83bed91b1
wsf_queue	compiler_builtin	/usr/lib/gcc/arm-none-eabi/13.2.1/include/stdint.h		0a2e42d37b032271a0f6328a35bdb6fc694411a7627decaf857ba75ae7e00589
wsf_queue	ambiqsuite_2.5.1_archive	AmbiqSuite-R2.5.1/third_party/cordio/wsf/include/wsf_queue.h	5730	3657f2e5bc8c9e9c77ba766ddb5b9488947464fc8077eee0d89cd3f08d6025cd
wsf_queue	ambiqsuite_2.5.1_archive	AmbiqSuite-R2.5.1/third_party/cordio/wsf/sources/port/freertos/wsf_assert.h	2862	d3518013f48697e0033a5d8488cb7ec5a7cb75e6961f129f66a0d562802dcbe4
wsf_queue	ambiqsuite_2.5.1_archive	AmbiqSuite-R2.5.1/third_party/cordio/wsf/sources/port/freertos/wsf_cs.h	2847	8837e8880b96b40f78fabc59bd65f7d892f576b13af5b14f32a12a13d4e0e10f
wsf_queue	ambiqsuite_2.5.1_archive	AmbiqSuite-R2.5.1/third_party/cordio/wsf/include/wsf_os.h	7073	8ea50e3b084ea103ed505e5dd328c89d751df4958f45f447fd083e1bea8d20c9
wsf_queue	ambiqsuite_2.5.1_archive	AmbiqSuite-R2.5.1/third_party/cordio/wsf/sources/port/freertos/wsf_os_int.h	4118	24d06d04a64f5d1b3f7efa0a1be74ce5bae24e1cfb695cb2c865ec03caa0b3a4
