config	symbol	candidate_size	candidate_sha256	raw_stock_hits	raw_stock_offsets	module_undefined	linked_undefined	container_elapsed_ns
O1	WsfEfsAddFile	344	f6a1cbef0e1cd53725023d98c557cb48b55c8d970a559026abd4e42c1e7c9e70	0		2	0	1007507334
O1	WsfEfsErase	60	7d5ec065727ed6d50f2f04071d88ca7a4105462a1f05e6ac0d723ffd533262ef	0		2	0	1007507334
O1	WsfEfsGet	112	d3501705389ce5364613141e59c88f0b5de424432effefa7bc0d4f68149d93a6	0		2	0	1007507334
O1	WsfEfsGetAttributes	36	6504d082c332cc07db364840b8f72bb0f80a65623642a81bfcfed58edd3242aa	0		2	0	1007507334
O1	WsfEfsGetFileByHandle	44	3638abd231702e58e35c6efae5e36f97fe70d19adfab9bb2d959a935bd67ea7e	0		2	0	1007507334
O1	WsfEfsGetFileMaxSize	16	613790e035281a8f1e63314fcc83c1ea0915cf54870e7493d3aae7ae35808c4d	0		2	0	1007507334
O1	WsfEfsGetFileName	20	81d25ea5098976d4ef7dc6b213c89b38791fb24cb3462647b2b9feec81cf018a	0		2	0	1007507334
O1	WsfEfsGetFilePermissions	16	66caaa9f7b1dc2a0462588556124d88d926a74d4a392b12d4557e5b2c5c60764	0		2	0	1007507334
O1	WsfEfsGetFileSize	16	d4a6e2f3bfa6b199bdac2d0dd8bc98d85d662f22cdc88b4648aed2ac3eb7b476	0		2	0	1007507334
O1	WsfEfsGetFileType	18	95e77fb368ebd6633e62fa424c6d6b1aa663b98bb19e0475633f31af411767c6	0		2	0	1007507334
O1	WsfEfsGetFileVersion	20	197a15b81c41f4ff5cbaa94b27a4aade8fbadb51647e2fe85811fc87ce7d748e	0		2	0	1007507334
O1	WsfEfsInit	48	cf6fa6f7f54769b921b02d1f1806625be5a43340f613ffbc9f66db182b0ad657	0		2	0	1007507334
O1	WsfEfsMediaSpecificCommand	60	53115f59b47323a2dcaade29c790b3108ce1f496bb30cce866549b2756369c2b	0		2	0	1007507334
O1	WsfEfsPut	132	7b3f55d5f6abaad1e9bfde24201ad428811ae33fa9298cbb7f7e21f2ab0e48bd	0		2	0	1007507334
O1	WsfEfsRegisterMedia	40	7320523e2ab06ea85bd1d1eea3f181c3b7c47bdeb7c8a645085bf80b92c277fa	0		2	0	1007507334
O1	WsfEfsRemoveFile	32	3fe4c1fad8be480e9044acbb9de485d3827ae27199b38825069ced98eb45df7e	0		2	0	1007507334
O1	WsfEfsSetAttributes	34	1c4b585f85784deaafa831ca2f25a7157159364049790783ed2573d1f1702bc7	0		2	0	1007507334
O3	WsfEfsAddFile	720	ec416fb9fa9f4b90a5e4be6f2615c8cf5134664b0243482736e70202477ea6f1	0		2	0	1043098632
O3	WsfEfsErase	72	c5ff797b4f84b2940ab82862624bd5bd6d48d168fe5aa364e76f98f5e30c39c1	0		2	0	1043098632
O3	WsfEfsGet	136	fcefe84c91a3bd1c8a5c258cbe5e261e8c016d7411735ac1b1ef25d9f57ab79b	0		2	0	1043098632
O3	WsfEfsGetAttributes	52	a4e1a55935ccf0a34264faf0a98b530b9828ca2b278e6eb18d16f4d9f561f76c	0		2	0	1043098632
O3	WsfEfsGetFileByHandle	32	268d9928da9fb10054c5096ce50fecdf6d37fafcd37ebd2db34a9b1946fe0e49	0		2	0	1043098632
O3	WsfEfsGetFileMaxSize	32	a9f8080b73745b0c89d63205be3d300750540a55df95af3ff2d391e7fc87de6b	0		2	0	1043098632
O3	WsfEfsGetFileName	36	83d335f3a80aeb540ed180634cc5e4c0ad2a8298bd3ea882cd1f5670bd19c154	0		2	0	1043098632
O3	WsfEfsGetFilePermissions	32	f38f7d148954464815c2f54e930fd8859c7890dd6e4be93e1b9bfdb2ffa45b32	0		2	0	1043098632
O3	WsfEfsGetFileSize	32	6f27921c88232b1a938b438f103ccab96c5352cb06d52896a1f91e77e38910bc	0		2	0	1043098632
O3	WsfEfsGetFileType	36	807d594f3f98ac9e258a26049da8831bf7d11df3aacf70f3e3ca39a17acecf99	0		2	0	1043098632
O3	WsfEfsGetFileVersion	36	41eaf38b4d319b56821743f849f9705d6ad3626181cdac81f9d8ca40522b2a18	0		2	0	1043098632
O3	WsfEfsInit	48	0400724d6742c10ea2e752c380ac6e2875075d417f783cc929de69e1da026205	0		2	0	1043098632
O3	WsfEfsMediaSpecificCommand	60	90d47522b475a8a9ce1d1b5f3a9c3d1448fc02514be04a201619a3b14922e2e6	0		2	0	1043098632
O3	WsfEfsPut	164	b5348b976d4222efcd4d1e6512508aedcc308cde475426c3e0c155784c311f1a	0		2	0	1043098632
O3	WsfEfsRegisterMedia	32	fcc0ddaf4a240e7011eb55cb7f38bb068c02698e93088ea4d5fba72a2fba4686	0		2	0	1043098632
O3	WsfEfsRemoveFile	36	e29d79e24f5c955d1693dc56692e4fe38832dfb45f44d4bef5aa247f637f809c	0		2	0	1043098632
O3	WsfEfsSetAttributes	48	9e895d882865533672a0b4aea9419220551eac6e02a425e7aad9de38264c238c	0		2	0	1043098632
Os_nosibling	WsfEfsAddFile	256	50e5e273dcc155cc1be9c345738503e4f91c29784e934220edb12a6c8ef099e1	0		2	0	1037863891
Os_nosibling	WsfEfsErase	52	b6cd50ab9785e70342f03b1eec1e2b35dca68701cb62a0da1d560d71cfbe56a1	0		2	0	1037863891
Os_nosibling	WsfEfsGet	100	b34b6f836efce06675a95f012da6be60c712b2d1524a938e875929721c590331	0		2	0	1037863891
Os_nosibling	WsfEfsGetAttributes	32	59166b5bb4efaa2e736a970e077c4e4b325585dc85b6c97b74b6382f85a95045	0		2	0	1037863891
Os_nosibling	WsfEfsGetFileByHandle	32	874692d04422bccff268fcaf4b084fe04503f7e8c931d8a94ed5cfc3ed488adf	0		2	0	1037863891
Os_nosibling	WsfEfsGetFileMaxSize	12	4860e457c17f566efad043f5fe4f39116c04d30e324361197114e2f8d5018199	0		2	0	1037863891
Os_nosibling	WsfEfsGetFileName	24	16ce94011efb49e3d978d28dad5d9e3f8d7006ac0aba40094ecd4424757ac492	0		2	0	1037863891
Os_nosibling	WsfEfsGetFilePermissions	12	4b770fdf8ccdb7ca8337253ff746511f2826eb1192f6393309497c9aa4369bf4	0		2	0	1037863891
Os_nosibling	WsfEfsGetFileSize	12	aa3606e974fc3b3accc394eb85f9257b8794d5f6e26ed6e2dd2d2d45361a5226	0		2	0	1037863891
Os_nosibling	WsfEfsGetFileType	14	27fd38a1b3ecde20bbeef3ffb61aeeb45599bd458cf3de7582d3e601d564cdc8	0		2	0	1037863891
Os_nosibling	WsfEfsGetFileVersion	24	9408d04ee8f36af267b6e252c2d61840ba045dbef03e642d80c034e0bf2498fb	0		2	0	1037863891
Os_nosibling	WsfEfsInit	48	0400724d6742c10ea2e752c380ac6e2875075d417f783cc929de69e1da026205	0		2	0	1037863891
Os_nosibling	WsfEfsMediaSpecificCommand	52	39da0c65695a1a1e7c169964c2dd1156c42d7d626c7bdd0b8974361d594bb10d	0		2	0	1037863891
Os_nosibling	WsfEfsPut	124	b425994497cd1d89bb211ffd1f145085ce5161ca013778d94620634b0309f9d5	0		2	0	1037863891
Os_nosibling	WsfEfsRegisterMedia	32	a5f61f141737f43cde92f224cd76faf5bfb020281567cee52e14cc6b6241a0d4	0		2	0	1037863891
Os_nosibling	WsfEfsRemoveFile	28	50f4eb2f1f2af8a3509777b0770d8a8f647703cce60cac5b443f3c3d96d7f802	0		2	0	1037863891
Os_nosibling	WsfEfsSetAttributes	26	bd0ee9f34357f26e628535c0bed49635e730d27ccba26304043950930c76882b	0		2	0	1037863891
