kind	path	sha256	bytes
packetcraft_r20.05c	ble-host/sources/stack/dm/dm_sec_lesc.c	a8bd51525ec11fa7f5ea8c2aee5c76ed8885aa191cb76fcfcb54ddf72e886e8d	11436
probe_shim	out/string.h	c7d1b13b5ea8667607de40cb20c17e6c8768b478dda41369d35bb9c0c7498422	257
packetcraft_r20.05c	wsf/include/wsf_types.h	646d206ff6bac3029d778bc25d883e8536ae8cc33bfde002816642ca83db221f	1636
packetcraft_r20.05c	wsf/include/wsf_assert.h	cd330e06d7fcfa4ab3428bfc8a5a41df4a5c02f57076181dd295543d5cf5c3c1	4255
packetcraft_r20.05c	wsf/include/wsf_trace.h	f8d23d4f6570c10b753e202ceddb7f1585b22fc047aa1f5f8ab6d9b7a877b573	37120
packetcraft_r20.05c	wsf/include/wsf_msg.h	3b0b6fd4a07b3b98ff4463c2e570da2e4b2d3dfaef5c161c12be838002aa058b	5294
packetcraft_r20.05c	wsf/include/wsf_queue.h	26086152ecfde301611f296471b5b47b55cfebcc81bc2b353204aaf21c9054ee	5818
packetcraft_r20.05c	wsf/include/wsf_os.h	661e334690d27f74b5e74a5f76ede37199d3fff0b94d96126b73fe12c8ed2075	8973
packetcraft_r20.05c	ble-host/include/sec_api.h	89953cf8aff93ccbb412644f8ee75180b969a1318ff1cf220d7e394e8980acc5	15230
packetcraft_r20.05c	wsf/include/wsf_buf.h	52dcc50ff07422ef9cff4a481105dfffbd5e9caf002d7d7a1d56c384162d2b18	8491
packetcraft_r20.05c	wsf/include/util/calc128.h	daf4cc722f2d14a80580d856d584a6f6d862c3157f629114f80d48b54f097d23	3211
packetcraft_r20.05c	ble-host/include/smp_api.h	dd1beb54ef6dc19a6753c2abbcc126a9f2dbb4d20cec1716e72bb0fb7322cf41	12973
packetcraft_r20.05c	ble-host/include/smp_defs.h	3c00fa76eeb567a3b329677a5f116cba712f6a8ba6e1820b78efc7012d5bf387	11029
packetcraft_r20.05c	ble-host/include/dm_api.h	b2307049705d1419d88f04033949178d6b68ce6fa6ef98b0b9ffa11691ecfd05	152029
packetcraft_r20.05c	ble-host/include/hci_api.h	169ba93aaad2e8cec24b6f40f6f059df8164fc53fc76016a415ce421dc159ff2	135198
packetcraft_r20.05c	wsf/include/hci_defs.h	2cea8eee944150621804c2e87824111625582828cd9196116dc3d88517e2966b	97305
packetcraft_r20.05c	wsf/include/util/bda.h	286a4aa661382fc873c4988e258a38e7a533b3fbde57fbafdb2590d92b323a77	4689
packetcraft_r20.05c	ble-host/sources/stack/cfg/cfg_stack.h	9694ceef8ee338ca747614de9bc433532bb8a031a13a04c1a426ab4956f07364	5884
packetcraft_r20.05c	ble-host/sources/stack/smp/smp_sc_main.h	b9259e3f834c47265e9edc1d82bd4cf4aa7f3d5946b70b1538e7b2595d751b09	6882
packetcraft_r20.05c	ble-host/sources/stack/smp/smp_main.h	afac968b47223c215ffa428de22d80290995313e59a4258326052172441a843d	21243
packetcraft_r20.05c	wsf/include/wsf_timer.h	84363db4eb73fea69bc718beb50c347fab2a38b08e975fba1393e47841dda178	5897
packetcraft_r20.05c	ble-host/include/l2c_api.h	23a45635fefae9815c22d9644536515d81b609959920aaa8f9a1cf911ebbfac9	22423
packetcraft_r20.05c	ble-host/include/l2c_defs.h	f311a1e1e7af96b757c61ba3a0f6a59333fc6b8b94ae82c2c51b54bc7a215e50	8731
packetcraft_r20.05c	ble-host/sources/stack/dm/dm_main.h	660fd2518aafbcc08f1625bcf509ebd5958ece73b124f1bb8e16e7c76439f5cc	4959
packetcraft_r20.05c	ble-host/sources/stack/dm/dm_conn.h	870b24846d24eb64d2bbdbe102a8bf8ee7fffbbbadf9c1b6532f0ab81c028040	14490
packetcraft_r20.05c	ble-host/sources/stack/dm/dm_sec.h	7808735d8741b166c330991119c29bb53f6dceeaf7cdba8fece888e0fd17f211	3154
