lane	kind	path	sha256	bytes
r441_hybrid	official_AmbiqSuite_R4.4.1	dm_main.c	ff9424decca9109d2aa3718ef8521f8eacc083031ff6085791cb77546bc4e3b6	28717
r441_hybrid	packetcraft_r20.05c_fallback	wsf/include/wsf_types.h	646d206ff6bac3029d778bc25d883e8536ae8cc33bfde002816642ca83db221f	1636
r441_hybrid	packetcraft_r20.05c_fallback	wsf/include/wsf_assert.h	cd330e06d7fcfa4ab3428bfc8a5a41df4a5c02f57076181dd295543d5cf5c3c1	4255
r441_hybrid	packetcraft_r20.05c_fallback	wsf/include/wsf_trace.h	f8d23d4f6570c10b753e202ceddb7f1585b22fc047aa1f5f8ab6d9b7a877b573	37120
r441_hybrid	official_AmbiqSuite_R4.4.1	hci_api.h	69430f9b5cee67d46667d6134a3c27cb4986de06002ed0c01868d126135e729d	140768
r441_hybrid	packetcraft_r20.05c_fallback	wsf/include/hci_defs.h	2cea8eee944150621804c2e87824111625582828cd9196116dc3d88517e2966b	97305
r441_hybrid	packetcraft_r20.05c_fallback	wsf/include/wsf_os.h	661e334690d27f74b5e74a5f76ede37199d3fff0b94d96126b73fe12c8ed2075	8973
r441_hybrid	packetcraft_r20.05c_fallback	wsf/include/wsf_queue.h	26086152ecfde301611f296471b5b47b55cfebcc81bc2b353204aaf21c9054ee	5818
r441_hybrid	packetcraft_r20.05c_fallback	wsf/include/util/bda.h	286a4aa661382fc873c4988e258a38e7a533b3fbde57fbafdb2590d92b323a77	4689
r441_hybrid	packetcraft_r20.05c_fallback	ble-host/include/l2c_defs.h	f311a1e1e7af96b757c61ba3a0f6a59333fc6b8b94ae82c2c51b54bc7a215e50	8731
r441_hybrid	official_AmbiqSuite_R4.4.1	dm_api.h	96c3b98488bdbb31ab7e7a1f1c28a9cfc55d2df106968a14de32bc270abf4ea8	152465
r441_hybrid	official_AmbiqSuite_R4.4.1	cfg_stack.h	22aff058d2eb6dc69a157a82b65018bc857923fa960054171461cd3ee0ab79ea	5787
r441_hybrid	packetcraft_r20.05c_fallback	ble-host/include/smp_defs.h	3c00fa76eeb567a3b329677a5f116cba712f6a8ba6e1820b78efc7012d5bf387	11029
r441_hybrid	packetcraft_r20.05c_fallback	ble-host/include/sec_api.h	89953cf8aff93ccbb412644f8ee75180b969a1318ff1cf220d7e394e8980acc5	15230
r441_hybrid	official_AmbiqSuite_R4.4.1	dm_main.h	f2fb305d0e7bafa505c9696a7452c9e580dd23443305f0c4f2f3865290c96b20	4969
r441_hybrid	packetcraft_r20.05c_fallback	ble-host/sources/stack/dm/dm_conn.h	870b24846d24eb64d2bbdbe102a8bf8ee7fffbbbadf9c1b6532f0ab81c028040	14490
r441_hybrid	packetcraft_r20.05c_fallback	ble-host/sources/stack/dm/dm_scan.h	88dc5efc95a47f2f66b36d2e3f6b4c4824b7bd5739d78d4c0f8d5509e338ae4e	7710
r441_hybrid	packetcraft_r20.05c_fallback	wsf/include/wsf_timer.h	84363db4eb73fea69bc718beb50c347fab2a38b08e975fba1393e47841dda178	5897
r441_hybrid	packetcraft_r20.05c_fallback	ble-host/sources/stack/dm/dm_main.h	660fd2518aafbcc08f1625bcf509ebd5958ece73b124f1bb8e16e7c76439f5cc	4959
r441_hybrid	packetcraft_r20.05c_fallback	ble-host/sources/stack/dm/dm_adv.h	63d2891e1a01656e7f2bbc7afb2377699dfdc944f2b6457099ceb0c6795f9218	8742
r441_hybrid	official_AmbiqSuite_R4.4.1	dm_dev.h	a8bd504dfeae6b7d450a3512b6af3801201c56235f7b8ca2bb40cd9652d05e90	5940
r20_public	packetcraft_r20.05c	ble-host/sources/stack/dm/dm_main.c	1ee83ebd68a1c92fcbe31233bbf115e01a068ab20742a4120622d39a95357db7	28234
r20_public	packetcraft_r20.05c	wsf/include/wsf_types.h	646d206ff6bac3029d778bc25d883e8536ae8cc33bfde002816642ca83db221f	1636
r20_public	packetcraft_r20.05c	wsf/include/wsf_assert.h	cd330e06d7fcfa4ab3428bfc8a5a41df4a5c02f57076181dd295543d5cf5c3c1	4255
r20_public	packetcraft_r20.05c	wsf/include/wsf_trace.h	f8d23d4f6570c10b753e202ceddb7f1585b22fc047aa1f5f8ab6d9b7a877b573	37120
r20_public	packetcraft_r20.05c	ble-host/include/hci_api.h	169ba93aaad2e8cec24b6f40f6f059df8164fc53fc76016a415ce421dc159ff2	135198
r20_public	packetcraft_r20.05c	wsf/include/hci_defs.h	2cea8eee944150621804c2e87824111625582828cd9196116dc3d88517e2966b	97305
r20_public	packetcraft_r20.05c	wsf/include/wsf_os.h	661e334690d27f74b5e74a5f76ede37199d3fff0b94d96126b73fe12c8ed2075	8973
r20_public	packetcraft_r20.05c	wsf/include/wsf_queue.h	26086152ecfde301611f296471b5b47b55cfebcc81bc2b353204aaf21c9054ee	5818
r20_public	packetcraft_r20.05c	wsf/include/util/bda.h	286a4aa661382fc873c4988e258a38e7a533b3fbde57fbafdb2590d92b323a77	4689
r20_public	packetcraft_r20.05c	ble-host/include/l2c_defs.h	f311a1e1e7af96b757c61ba3a0f6a59333fc6b8b94ae82c2c51b54bc7a215e50	8731
r20_public	packetcraft_r20.05c	ble-host/include/dm_api.h	b2307049705d1419d88f04033949178d6b68ce6fa6ef98b0b9ffa11691ecfd05	152029
r20_public	packetcraft_r20.05c	ble-host/sources/stack/cfg/cfg_stack.h	9694ceef8ee338ca747614de9bc433532bb8a031a13a04c1a426ab4956f07364	5884
r20_public	packetcraft_r20.05c	ble-host/include/smp_defs.h	3c00fa76eeb567a3b329677a5f116cba712f6a8ba6e1820b78efc7012d5bf387	11029
r20_public	packetcraft_r20.05c	ble-host/include/sec_api.h	89953cf8aff93ccbb412644f8ee75180b969a1318ff1cf220d7e394e8980acc5	15230
r20_public	packetcraft_r20.05c	ble-host/sources/stack/dm/dm_main.h	660fd2518aafbcc08f1625bcf509ebd5958ece73b124f1bb8e16e7c76439f5cc	4959
r20_public	packetcraft_r20.05c	ble-host/sources/stack/dm/dm_conn.h	870b24846d24eb64d2bbdbe102a8bf8ee7fffbbbadf9c1b6532f0ab81c028040	14490
r20_public	packetcraft_r20.05c	ble-host/sources/stack/dm/dm_scan.h	88dc5efc95a47f2f66b36d2e3f6b4c4824b7bd5739d78d4c0f8d5509e338ae4e	7710
r20_public	packetcraft_r20.05c	wsf/include/wsf_timer.h	84363db4eb73fea69bc718beb50c347fab2a38b08e975fba1393e47841dda178	5897
r20_public	packetcraft_r20.05c	ble-host/sources/stack/dm/dm_adv.h	63d2891e1a01656e7f2bbc7afb2377699dfdc944f2b6457099ceb0c6795f9218	8742
r20_public	packetcraft_r20.05c	ble-host/sources/stack/dm/dm_dev.h	a8bd504dfeae6b7d450a3512b6af3801201c56235f7b8ca2bb40cd9652d05e90	5940
